{
    "manufacturer": "Taran Mittal",
    "keyboard_name": "taranium/foldboard",
    "maintainer": "Overlord-Runt",
    "bootloader": "rp2040",
    "diode_direction": "COL2ROW",
    "features": {
        "bootmagic": true,
        "command": false,
        "console": false,
        "extrakey": true,
        "mousekey": true,
        "nkro": true
    },
    "matrix_pins": {
        "cols": ["GP0", "GP1", "GP3", "GP28", "GP27", "GP26", "GP8", "GP13", "GP11", "GP15", "GP17", "GP9", "GP7", "GP2"],
        "rows": ["GP6", "GP22", "GP21", "GP20", "GP19", "GP10", "GP12", "GP14", "GP18", "GP16"]
    },

    "processor": "RP2040",
    "url": "",
    "usb": {
        "device_version": "1.0.0",
        "pid": "0x0000",
        "vid": "0xFEED"
    },
    "layouts": {
        "LAYOUT": {
            "layout": [
                {"matrix": [0, 0], "x": 0, "y": 0},
                {"matrix": [0, 1], "x": 1, "y": 0},
                {"matrix": [0, 2], "x": 2, "y": 0},
                {"matrix": [0, 3], "x": 3, "y": 0},
                {"matrix": [0, 4], "x": 4, "y": 0},
                {"matrix": [0, 5], "x": 5, "y": 0},
                {"matrix": [0, 6], "x": 6, "y": 0},
                {"matrix": [0, 7], "x": 7, "y": 0},
                {"matrix": [0, 8], "x": 8, "y": 0},
                {"matrix": [0, 9], "x": 9, "y": 0},
                {"matrix": [0, 10], "x": 10, "y": 0},
                {"matrix": [0, 11], "x": 11, "y": 0},
                {"matrix": [0, 12], "x": 12, "y": 0},
                {"matrix": [0, 13], "x": 13, "y": 0},
                {"matrix": [1, 0], "x": 0, "y": 1},
                {"matrix": [1, 1], "x": 1, "y": 1},
                {"matrix": [1, 2], "x": 2, "y": 1},
                {"matrix": [1, 3], "x": 3, "y": 1},
                {"matrix": [1, 4], "x": 4, "y": 1},
                {"matrix": [1, 5], "x": 5, "y": 1},
                {"matrix": [1, 6], "x": 6, "y": 1},
                {"matrix": [1, 7], "x": 7, "y": 1},
                {"matrix": [1, 8], "x": 8, "y": 1},
                {"matrix": [1, 9], "x": 9, "y": 1},
                {"matrix": [1, 10], "x": 10, "y": 1},
                {"matrix": [1, 11], "x": 11, "y": 1},
                {"matrix": [1, 12], "x": 12, "y": 1},
                {"matrix": [1, 13], "x": 13, "y": 1},
                {"matrix": [2, 0], "x": 0, "y": 2},
                {"matrix": [2, 1], "x": 1, "y": 2},
                {"matrix": [2, 2], "x": 2, "y": 2},
                {"matrix": [2, 3], "x": 3, "y": 2},
                {"matrix": [2, 4], "x": 4, "y": 2},
                {"matrix": [2, 5], "x": 5, "y": 2},
                {"matrix": [2, 6], "x": 6, "y": 2},
                {"matrix": [2, 7], "x": 7, "y": 2},
                {"matrix": [2, 8], "x": 8, "y": 2},
                {"matrix": [2, 9], "x": 9, "y": 2},
                {"matrix": [2, 10], "x": 10, "y": 2},
                {"matrix": [2, 11], "x": 11, "y": 2},
                {"matrix": [2, 12], "x": 12, "y": 2},
                {"matrix": [2, 13], "x": 13, "y": 2},
                {"matrix": [3, 0], "x": 0, "y": 3},
                {"matrix": [3, 1], "x": 1, "y": 3},
                {"matrix": [3, 2], "x": 2, "y": 3},
                {"matrix": [3, 3], "x": 3, "y": 3},
                {"matrix": [3, 4], "x": 4, "y": 3},
                {"matrix": [3, 5], "x": 5, "y": 3},
                {"matrix": [3, 6], "x": 6, "y": 3},
                {"matrix": [3, 7], "x": 7, "y": 3},
                {"matrix": [3, 8], "x": 8, "y": 3},
                {"matrix": [3, 9], "x": 9, "y": 3},
                {"matrix": [3, 10], "x": 10, "y": 3},
                {"matrix": [3, 11], "x": 11, "y": 3},
                {"matrix": [3, 12], "x": 12, "y": 3},
                {"matrix": [3, 13], "x": 13, "y": 3},
                {"matrix": [4, 0], "x": 0, "y": 4},
                {"matrix": [4, 1], "x": 1, "y": 4},
                {"matrix": [4, 2], "x": 2, "y": 4},
                {"matrix": [4, 3], "x": 3, "y": 4},
                {"matrix": [4, 4], "x": 4, "y": 4},
                {"matrix": [4, 5], "x": 5, "y": 4},
                {"matrix": [4, 6], "x": 6, "y": 4},
                {"matrix": [4, 7], "x": 7, "y": 4},
                {"matrix": [4, 8], "x": 8, "y": 4},
                {"matrix": [4, 9], "x": 9, "y": 4},
                {"matrix": [4, 10], "x": 10, "y": 4},
                {"matrix": [4, 11], "x": 11, "y": 4},
                {"matrix": [4, 12], "x": 12, "y": 4},
                {"matrix": [4, 13], "x": 13, "y": 4},
                {"matrix": [5, 0], "x": 0, "y": 5},
                {"matrix": [5, 1], "x": 1, "y": 5},
                {"matrix": [5, 2], "x": 2, "y": 5},
                {"matrix": [5, 3], "x": 3, "y": 5},
                {"matrix": [5, 4], "x": 4, "y": 5},
                {"matrix": [5, 5], "x": 5, "y": 5},
                {"matrix": [5, 6], "x": 6, "y": 5},
                {"matrix": [5, 7], "x": 7, "y": 5},
                {"matrix": [5, 8], "x": 8, "y": 5},
                {"matrix": [5, 9], "x": 9, "y": 5},
                {"matrix": [5, 10], "x": 10, "y": 5},
                {"matrix": [5, 11], "x": 11, "y": 5},
                {"matrix": [5, 12], "x": 12, "y": 5},
                {"matrix": [5, 13], "x": 13, "y": 5},
                {"matrix": [6, 0], "x": 0, "y": 6},
                {"matrix": [6, 1], "x": 1, "y": 6},
                {"matrix": [6, 2], "x": 2, "y": 6},
                {"matrix": [6, 3], "x": 3, "y": 6},
                {"matrix": [6, 4], "x": 4, "y": 6},
                {"matrix": [6, 5], "x": 5, "y": 6},
                {"matrix": [6, 6], "x": 6, "y": 6},
                {"matrix": [6, 7], "x": 7, "y": 6},
                {"matrix": [6, 8], "x": 8, "y": 6},
                {"matrix": [6, 9], "x": 9, "y": 6},
                {"matrix": [6, 10], "x": 10, "y": 6},
                {"matrix": [6, 11], "x": 11, "y": 6},
                {"matrix": [6, 12], "x": 12, "y": 6},
                {"matrix": [6, 13], "x": 13, "y": 6},
                {"matrix": [7, 0], "x": 0, "y": 7},
                {"matrix": [7, 1], "x": 1, "y": 7},
                {"matrix": [7, 2], "x": 2, "y": 7},
                {"matrix": [7, 3], "x": 3, "y": 7},
                {"matrix": [7, 4], "x": 4, "y": 7},
                {"matrix": [7, 5], "x": 5, "y": 7},
                {"matrix": [7, 6], "x": 6, "y": 7},
                {"matrix": [7, 7], "x": 7, "y": 7},
                {"matrix": [7, 8], "x": 8, "y": 7},
                {"matrix": [7, 9], "x": 9, "y": 7},
                {"matrix": [7, 10], "x": 10, "y": 7},
                {"matrix": [7, 11], "x": 11, "y": 7},
                {"matrix": [7, 12], "x": 12, "y": 7},
                {"matrix": [7, 13], "x": 13, "y": 7},
                {"matrix": [8, 0], "x": 0, "y": 8},
                {"matrix": [8, 1], "x": 1, "y": 8},
                {"matrix": [8, 2], "x": 2, "y": 8},
                {"matrix": [8, 3], "x": 3, "y": 8},
                {"matrix": [8, 4], "x": 4, "y": 8},
                {"matrix": [8, 5], "x": 5, "y": 8},
                {"matrix": [8, 6], "x": 6, "y": 8},
                {"matrix": [8, 7], "x": 7, "y": 8},
                {"matrix": [8, 8], "x": 8, "y": 8},
                {"matrix": [8, 9], "x": 9, "y": 8},
                {"matrix": [8, 10], "x": 10, "y": 8},
                {"matrix": [8, 11], "x": 11, "y": 8},
                {"matrix": [8, 12], "x": 12, "y": 8},
                {"matrix": [8, 13], "x": 13, "y": 8},
                {"matrix": [9, 0], "x": 0, "y": 9},
                {"matrix": [9, 1], "x": 1, "y": 9},
                {"matrix": [9, 2], "x": 2, "y": 9},
                {"matrix": [9, 3], "x": 3, "y": 9},
                {"matrix": [9, 4], "x": 4, "y": 9},
                {"matrix": [9, 5], "x": 5, "y": 9},
                {"matrix": [9, 6], "x": 6, "y": 9},
                {"matrix": [9, 7], "x": 7, "y": 9},
                {"matrix": [9, 8], "x": 8, "y": 9},
                {"matrix": [9, 9], "x": 9, "y": 9},
                {"matrix": [9, 10], "x": 10, "y": 9},
                {"matrix": [9, 11], "x": 11, "y": 9},
                {"matrix": [9, 12], "x": 12, "y": 9},
                {"matrix": [9, 13], "x": 13, "y": 9}
            ]
        }
    }
}